{
  "Strategy":{
    "CAGR":0.0687995543,
    "Vol":0.0947435522,
    "Sharpe":0.7499048285,
    "MaxDD":-0.1802513305
  },
  "BuyHold_SPY":{
    "CAGR":0.1068886856,
    "Vol":0.1909480042,
    "Sharpe":0.627475169,
    "MaxDD":-0.5518944197
  }
}