feature,psi,ks_stat,ks_pvalue
ret,0.030614213577926066,0.05121969041906687,0.24524034149203358
vol_20,0.4811672393418844,0.19418226546991268,1.901055984976314e-13
vol_60,4.111880980176169,0.23752724969857875,5.975760513985945e-20
vol_120,4.469740054768424,0.2285114052928353,1.6835726267262069e-18
mean_20,0.08481628454880319,0.14173131492735444,2.4967794057029197e-07
down_vol_20,0.2825132002475827,0.12539489227996248,7.48487492824969e-06
