fold,val_sharpe,best_thr
1,1.925584380277016,0.55
2,3.1129443930377474,0.55
3,2.230804464629732,0.75
4,1.6734368831068884,0.5
5,2.2571063122345816,0.6
