fold,roc_auc,roc_auc_mean,roc_auc_std
1,0.4826304523892167,0.49553206003227956,0.010348734400436377
2,0.508054661369048,0.49553206003227956,0.010348734400436377
3,0.4839559445023556,0.49553206003227956,0.010348734400436377
4,0.5033461359404097,0.49553206003227956,0.010348734400436377
5,0.49967310596036796,0.49553206003227956,0.010348734400436377
