fold,auc,best_thresh
1,0.6559670781893004,0.6000000000000001
2,0.5539529914529915,0.4
3,0.5887512899896801,0.4
4,0.6136128364389234,0.4
5,0.6357411385606875,0.6000000000000001
