{
  "Strategy": {
    "CAGR": 0.0,
    "Vol": 0.0,
    "Sharpe": 0.0,
    "MaxDD": 0.0
  },
  "BuyHold_KO": {
    "CAGR": 0.09699360332834539,
    "Vol": 0.18401217040517953,
    "Sharpe": 0.5951535297539795,
    "MaxDD": -0.4059536522407464
  },
  "BuyHold_PEP": {
    "CAGR": 0.0779333536799307,
    "Vol": 0.18509021457687533,
    "Sharpe": 0.4982162664652276,
    "MaxDD": -0.4040672595525763
  }
}