metric,value
bars,390.0
session_high,251.82000732421875
session_low,247.47999572753906
session_vwap,249.74871585486406
